State,1/1/1900,1/1/1901,1/1/1902,1/1/1903,1/1/1904,1/1/1905,1/1/1906,1/1/1907,1/1/1908,1/1/1909,1/1/1910,1/1/1911,1/1/1912,1/1/1913,1/1/1914,1/1/1915,1/1/1916,1/1/1917,1/1/1918,1/1/1919,1/1/1920,1/1/1921,1/1/1922,1/1/1923,1/1/1924,1/1/1925,1/1/1926,1/1/1927,1/1/1928,1/1/1929,1/1/1930,1/1/1931,1/1/1932,1/1/1933,1/1/1934,1/1/1935,1/1/1936,1/1/1937,1/1/1938,1/1/1939,1/1/1940,1/1/1941,1/1/1942,1/1/1943,1/1/1944,1/1/1945,1/1/1946,1/1/1947,1/1/1948,1/1/1949,1/1/1950,1/1/1951,1/1/1952,1/1/1953,1/1/1954,1/1/1955,1/1/1956,1/1/1957,1/1/1958,1/1/1959,1/1/1960,1/1/1961,1/1/1962,1/1/1963,1/1/1964,1/1/1965,1/1/1966,1/1/1967,1/1/1968,1/1/1969,1/1/1970,1/1/1971,1/1/1972,1/1/1973,1/1/1974,1/1/1975,1/1/1976,1/1/1977,1/1/1978,1/1/1979,1/1/1980,1/1/1981,1/1/1982,1/1/1983,1/1/1984,1/1/1985,1/1/1986,1/1/1987,1/1/1988,1/1/1989,1/1/1990,1/1/1991,1/1/1992,1/1/1993,1/1/1994,1/1/1995,1/1/1996,1/1/1997,1/1/1998,1/1/1999,1/1/2000,1/1/2001,1/1/2002,1/1/2003,1/1/2004,1/1/2005,1/1/2006,1/1/2007,1/1/2008,1/1/2009,1/1/2010,1/1/2011,1/1/2012,1/1/2013,1/1/2014,1/1/2015,1/1/2016,1/1/2017,1/1/2018,1/1/2019,1/1/2020
Alabama,1830,1907,1935,1957,1978,2012,2045,2058,2070,2108,2150,2185,2217,2279,2336,2345,2359,2361,2343,2337,2359,2402,2434,2464,2501,2534,2567,2609,2640,2644,2647,2649,2653,2661,2685,2719,2743,2762,2787,2814,2845,2902,2941,2902,2802,2775,2911,2942,2969,3000,3058,3059,3068,3053,3014,3050,3071,3109,3163,3204,3274,3316,3323,3358,3395,3443,3464,3458,3446,3440,3444.354,3497.076,3539.4,3579.78,3626.499,3678.814,3735.139,3780.403,3831.836,3866.248,3900.368,3918.531,3925.266,3934.102,3951.82,3972.523,3991.569,4015.264,4023.844,4030.222,4048.508,4091.025,4139.269,4193.114,4232.965,4262.731,4290.403,4320.281,4351.037,4369.862,4452.173,4467.634,4480.089,4503.491,4530.729,4569.805,4628.981,4672.84,4718.206,4757.938,4785.514,4799.642,4816.632,4831.586,4843.737,4854.803,4866.824,4877.989,4891.628,4907.965,4921.532
Alaska,,,,,,,,,,,,,,,,,,,,,,,,,,,,,,,,,,,,,,,,,,,,,,,,,,,135,158,189,205,215,222,224,231,224,224,229,238,246,256,263,271,271,278,285,296,302.583,315.51,324.464,330.543,341.063,376.17,400.969,403.436,404.766,402.753,405.315,418.491,449.606,488.417,513.702,532.495,544.268,539.309,541.983,547.159,553.12,569.273,587.073,596.993,600.624,601.345,604.918,608.846,615.205,619.5,627.963,633.714,642.337,648.414,659.286,666.946,675.302,680.3,687.455,698.895,713.982,722.349,730.81,737.626,737.075,738.43,742.575,740.983,736.624,733.603,731.158
Arizona,124,131,138,144,151,158,167,176,186,196,206,212,217,236,253,263,282,311,320,329,340,351,360,371,382,393,403,414,422,430,434,429,426,426,428,434,443,453,466,484,499,490,524,692,610,594,616,653,690,714,756,785,842,894,933,987,1053,1125,1193,1261,1321,1407,1471,1521,1556,1584,1614,1646,1682,1737,1775.399,1895.814,2008.291,2124.438,2223.196,2284.847,2346.157,2425.197,2515.316,2635.571,2737.774,2810.107,2889.861,2968.925,3067.135,3183.538,3308.262,3437.103,3535.183,3622.185,3679.056,3762.394,3867.333,3993.39,4147.561,4306.908,4432.308,4552.207,4667.277,4778.332,5160.586,5273.477,5396.255,5510.364,5652.404,5839.077,6029.141,6167.681,6280.362,6343.154,6407.342,6473.416,6556.344,6634.69,6732.873,6832.81,6944.767,7048.088,7164.228,7291.843,7421.401
Arkansas,1314,1341,1360,1384,1419,1447,1465,1484,1513,1545,1583,1610,1636,1664,1688,1702,1719,1737,1749,1742,1756,1769,1772,1784,1800,1812,1826,1840,1847,1852,1859,1848,1836,1854,1878,1890,1892,1903,1928,1948,1955,1969,1977,1843,1768,1762,1797,1836,1825,1844,1908,1901,1838,1780,1734,1725,1704,1733,1726,1756,1789,1806,1853,1875,1897,1894,1899,1901,1902,1913,1923.322,1972.312,2018.638,2059.256,2101.403,2159.526,2170.161,2209.01,2243.127,2271.333,2288.738,2293.201,2294.257,2305.761,2319.768,2327.046,2331.984,2342.355,2342.656,2346.358,2354.343,2370.666,2394.098,2423.743,2450.605,2480.121,2504.858,2524.007,2538.202,2551.373,2678.588,2691.571,2705.927,2724.816,2749.686,2781.097,2821.761,2848.65,2874.554,2896.843,2921.998,2941.038,2952.876,2960.459,2968.759,2979.732,2991.815,3003.855,3012.161,3020.985,3030.522
California,1490,1550,1623,1702,1792,1893,1976,2054,2161,2282,2406,2534,2668,2811,2934,3008,3071,3171,3262,3339,3554,3795,3991,4270,4541,4730,4929,5147,5344,5531,5711,5824,5894,5963,6060,6175,6341,6528,6656,6785,6950,7237,7735,8506,8945,9344,9559,9832,10064,10337,10677,11134,11635,12251,12746,13133,13713,14264,14880,15467,15870,16497,17072,17668,18151,18585,18858,19176,19394,19711,19971.069,20345.939,20585.469,20868.728,21173.865,21537.849,21935.909,22352.396,22835.958,23256.88,23800.8,24285.933,24820.009,25360.026,25844.393,26441.109,27102.237,27777.158,28464.249,29218.164,29950.111,30414.114,30875.92,31147.208,31317.179,31493.525,31780.829,32217.708,32682.794,33145.121,33987.977,34479.458,34871.843,35253.159,35574.576,35827.943,36021.202,36250.311,36604.337,36961.229,37319.55,37636.311,37944.551,38253.768,38586.706,38904.296,39149.186,39337.785,39437.463,39437.61,39368.078
Colorado,543,581,621,652,659,680,707,733,757,775,804,821,832,835,846,868,892,910,906,938,937,961,965,984,1014,1019,1016,1028,1014,1008,1040,1056,1066,1071,1075,1078,1090,1104,1112,1120,1130,1124,1113,1153,1137,1116,1203,1237,1263,1295,1325,1326,1365,1431,1493,1546,1625,1664,1667,1710,1769,1844,1899,1936,1970,1985,2007,2053,2120,2166,2209.596,2303.524,2404.619,2495.868,2541.406,2586.192,2632.306,2696.14,2766.748,2849.234,2908.803,2977.898,3061.564,3133.63,3169.992,3208.723,3237.45,3260.48,3262.281,3275.818,3303.862,3367.567,3459.995,3560.884,3653.91,3738.061,3812.716,3891.293,3968.967,4056.133,4326.921,4425.687,4490.406,4528.732,4575.013,4631.888,4720.423,4803.868,4889.73,4972.195,5047.539,5121.9,5193.66,5270.774,5352.637,5454.328,5543.844,5617.421,5697.155,5758.486,5807.719
Connecticut,910,931,952,972,987,1010,1033,1057,1077,1097,1122,1149,1176,1208,1233,1258,1294,1327,1329,1359,1391,1415,1431,1455,1481,1506,1531,1557,1577,1594,1613,1628,1637,1642,1650,1666,1672,1678,1684,1696,1708,1746,1792,1792,1778,1769,1906,1967,2014,2032,2016,2028,2081,2168,2249,2300,2316,2359,2446,2523,2544,2586,2647,2727,2798,2857,2903,2935,2964,3000,3032.217,3060.938,3068.699,3067.814,3074.047,3082.5,3083.335,3085.722,3091.627,3095.917,3113.174,3128.836,3139.013,3162.354,3180.014,3201.131,3223.74,3247.291,3271.953,3283.403,3289.056,3288.64,3274.997,3272.325,3268.346,3265.293,3267.03,3268.514,3272.563,3282.031,3411.777,3432.835,3458.749,3484.336,3496.094,3506.956,3517.46,3527.27,3545.579,3561.807,3579.173,3588.632,3595.211,3595.792,3595.697,3588.561,3579.83,3575.324,3574.561,3566.022,3557.006
Delaware,185,187,188,190,192,194,196,197,199,201,203,207,209,213,216,217,219,222,220,221,219,216,214,215,219,222,225,229,233,236,239,242,245,248,250,252,253,254,257,263,269,275,279,282,285,286,299,305,312,316,321,331,341,351,368,389,408,426,433,441,449,461,469,483,497,507,516,525,534,540,548.104,564.708,572.913,577.759,581.418,586.589,590.166,591.829,594.776,594.984,594.919,595.975,599.148,605.458,611.565,618.28,627.559,636.947,647.622,658.273,669.063,680.495,690.158,699.475,708.416,718.265,727.09,735.024,744.066,753.538,786.373,795.699,806.169,818.003,830.803,845.15,859.268,871.749,883.874,891.73,899.647,907.59,915.518,924.062,933.131,942.065,949.989,957.942,966.985,976.668,986.809
District of Columbia,278,285,290,295,302,308,313,317,321,327,334,344,340,358,368,361,360,385,418,445,440,446,450,453,456,461,469,476,479,483,488,504,513,529,568,608,629,616,638,658,690,764,851,900,881,876,899,888,840,807,806,808,805,810,791,785,759,763,757,761,765,778,788,798,798,797,791,791,778,762,756.668,749.781,742.241,731.488,717.947,706.871,692.295,677.228,665.052,650.016,638.284,636.893,634.174,632.433,633.382,634.549,638.269,636.93,630.432,624.168,603.814,593.239,584.183,576.358,564.982,551.273,538.273,528.752,521.426,519,572.046,574.504,573.158,568.502,567.754,567.136,570.681,574.404,580.236,592.228,605.282,620.29,635.737,651.559,663.603,677.014,687.576,697.079,704.147,708.253,712.816
Florida,530,544,565,587,599,615,628,645,684,724,756,773,801,828,871,922,924,895,865,898,962,997,1044,1097,1160,1264,1368,1418,1433,1445,1471,1493,1521,1552,1585,1613,1651,1709,1771,1836,1915,2017,2151,2451,2420,2465,2440,2528,2578,2668,2810,2980,3157,3310,3505,3747,4047,4372,4630,4808,5004,5243,5458,5628,5781,5954,6104,6242,6433,6641,6791.418,7158.304,7511.463,7913.696,8298.762,8518.422,8667.379,8856.183,9102.032,9426.159,9839.835,10192.774,10471.407,10749.851,11039.925,11351.118,11667.505,11997.283,12306.395,12637.715,13018.365,13289.497,13504.775,13713.593,13961.798,14185.403,14426.911,14683.35,14908.23,15111.244,16047.515,16356.966,16689.37,17004.085,17415.318,17842.038,18166.99,18367.842,18527.305,18652.644,18846.143,19055.607,19302.016,19551.678,19853.88,20219.111,20627.237,20977.089,21254.926,21492.056,21733.312
Georgia,2220,2263,2305,2346,2387,2427,2466,2505,2543,2580,2618,2644,2676,2733,2776,2810,2856,2885,2941,2870,2926,2965,2965,2954,2920,2883,2869,2891,2903,2903,2910,2924,2935,2950,2964,2955,2978,3037,3091,3120,3119,3179,3209,3245,3176,3119,3242,3272,3259,3325,3458,3531,3584,3558,3602,3636,3701,3766,3804,3868,3956,4015,4086,4172,4258,4332,4379,4408,4482,4551,4587.93,4711.55,4809.49,4910.374,4999.419,5064.075,5132.812,5219.697,5295.751,5401.384,5486.174,5568.345,5649.792,5728.25,5834.954,5962.661,6084.666,6208.467,6316.142,6411.099,6506.531,6621.279,6759.474,6894.092,7045.9,7188.538,7332.225,7486.094,7636.522,7788.24,8227.303,8377.038,8508.256,8622.793,8769.252,8925.922,9155.813,9349.988,9504.843,9620.846,9712.209,9803.63,9903.58,9975.592,10071.204,10183.353,10308.442,10417.031,10519.389,10628.02,10710.017
Hawaii,,,,,,,,,,,,,,,,,,,,,,,,,,,,,,,,,,,,,,,,,,,,,,,,,,,498,514,517,510,505,539,559,584,605,622,642,659,684,682,700,704,710,723,734,750,769.913,801.644,828.331,851.595,867.978,886.16,904.191,918.259,931.584,953.306,967.71,978.195,993.78,1012.717,1027.922,1039.698,1051.762,1067.918,1079.828,1094.588,1112.703,1131.412,1149.926,1161.508,1173.903,1180.49,1184.434,1189.322,1190.472,1185.497,1213.519,1225.948,1239.613,1251.154,1273.569,1292.729,1309.731,1315.675,1332.213,1346.717,1364.004,1379.562,1395.199,1408.822,1415.335,1422.999,1428.885,1425.763,1423.102,1415.615,1407.006
Idaho,163,176,199,216,229,246,262,277,291,311,329,343,359,371,384,394,405,413,405,424,433,435,436,436,434,436,441,447,449,447,447,454,459,464,473,481,495,507,513,521,522,501,478,500,529,507,509,522,551,570,590,589,587,596,600,618,628,642,646,657,671,684,692,683,680,686,689,688,695,707,713.015,738.753,763.237,782.074,807.99,831.982,856.983,883.469,910.69,932.627,947.983,962.204,973.721,981.869,990.839,994.051,990.224,984.997,985.664,994.416,1011.882,1038.915,1066.49,1101.204,1135.459,1165,1187.706,1210.638,1230.923,1251.7,1299.43,1319.962,1340.372,1363.38,1391.802,1428.241,1468.669,1505.105,1534.32,1554.439,1570.819,1584.272,1595.91,1612.053,1632.248,1652.495,1684.036,1719.745,1752.074,1789.06,1826.913
Illinois,4828,4914,4992,5071,5161,5241,5309,5384,5474,5567,5668,5757,5828,5961,6109,6194,6274,6313,6275,6392,6663,6858,6958,7068,7215,7306,7395,7519,7576,7606,7644,7687,7736,7768,7772,7797,7840,7857,7866,7890,7905,7995,8057,7761,7719,7601,8155,8341,8552,8670,8738,8790,8956,9065,9252,9435,9530,9668,9886,9986,10086,10130,10280,10402,10580,10693,10836,10947,10995,11039,11110.285,11202.397,11251.948,11251.367,11262.145,11291.743,11342.853,11386.316,11412.561,11396.837,11434.702,11443.458,11423.412,11408.818,11412.132,11399.806,11387.257,11391.178,11390.183,11409.782,11446.979,11535.973,11635.197,11725.984,11804.986,11884.935,11953.003,12011.509,12069.774,12128.37,12434.161,12488.445,12525.556,12556.006,12589.773,12609.903,12643.955,12695.866,12747.038,12796.778,12840.545,12867.783,12883.029,12895.778,12885.092,12859.585,12821.709,12779.893,12724.685,12667.017,12587.53
Indiana,2518,2541,2567,2594,2614,2635,2663,2679,2677,2678,2713,2751,2785,2824,2857,2873,2897,2910,2880,2906,2947,2976,2965,3042,3086,3119,3148,3191,3212,3226,3242,3257,3281,3304,3319,3332,3348,3374,3386,3403,3433,3483,3507,3449,3440,3427,3702,3779,3877,3958,3967,4096,4148,4182,4264,4363,4458,4529,4583,4613,4674,4730,4736,4799,4856,4922,4999,5053,5093,5143,5195.392,5253.396,5302.435,5338.277,5361.89,5365.766,5389.088,5425.638,5470.214,5501.174,5490.721,5480.435,5467.922,5450.395,5458.322,5459.211,5454.108,5473.012,5491.735,5523.693,5555.097,5602.062,5648.649,5701.965,5745.626,5791.819,5834.908,5872.37,5907.617,5942.901,6091.866,6127.76,6155.967,6196.638,6233.007,6278.616,6332.669,6379.599,6424.806,6459.325,6490.555,6517.25,6538.989,6570.575,6596.019,6611.442,6637.898,6662.068,6698.481,6731.01,6754.953
Iowa,2231,2227,2222,2217,2212,2211,2214,2217,2220,2223,2228,2249,2279,2305,2338,2366,2376,2382,2351,2379,2400,2407,2428,2425,2420,2427,2432,2441,2450,2460,2475,2482,2489,2495,2510,2524,2509,2498,2494,2520,2537,2491,2439,2334,2301,2308,2467,2509,2543,2578,2625,2617,2626,2629,2626,2679,2703,2716,2708,2729,2756,2756,2750,2747,2746,2742,2762,2793,2803,2805,2825.368,2851.705,2860.287,2863.715,2867.53,2880.847,2903.082,2913.573,2918.069,2915.739,2914.018,2907.983,2888.189,2870.543,2858.618,2829.684,2791.97,2767.011,2768.388,2770.592,2779.769,2791.227,2806.923,2820.525,2829.422,2840.86,2848.473,2854.396,2861.025,2869.413,2929.067,2931.997,2934.234,2941.999,2953.635,2964.454,2982.644,2999.212,3016.734,3032.87,3050.819,3066.772,3076.844,3093.935,3110.643,3122.541,3133.21,3143.734,3149.9,3159.596,3163.561
Kansas,1473,1490,1505,1498,1527,1555,1576,1612,1629,1658,1692,1684,1671,1663,1662,1687,1727,1748,1729,1756,1769,1779,1799,1808,1807,1825,1836,1836,1850,1867,1883,1881,1883,1877,1868,1872,1869,1856,1842,1824,1788,1765,1760,1796,1779,1731,1805,1853,1892,1925,1916,1950,1977,1994,2042,2093,2119,2128,2142,2160,2183,2215,2231,2217,2209,2206,2200,2197,2216,2236,2249.071,2246.6,2256.375,2265.603,2269.499,2280.578,2301.001,2320.647,2335.657,2350.906,2369.039,2384.849,2401.202,2415.531,2424.086,2427.405,2432.619,2445.367,2461.996,2472.849,2480.683,2495.209,2526.042,2547.605,2569.118,2586.942,2598.266,2616.339,2638.667,2654.052,2693.681,2702.162,2713.535,2723.004,2734.373,2745.299,2762.931,2783.785,2808.076,2832.704,2858.266,2869.677,2886.024,2894.306,2901.861,2910.717,2912.977,2910.892,2912.748,2912.635,2913.805
Kentucky,2148,2162,2177,2191,2205,2220,2234,2249,2263,2278,2299,2324,2347,2374,2395,2401,2411,2421,2425,2413,2421,2436,2450,2480,2531,2520,2545,2551,2567,2606,2623,2652,2676,2698,2722,2748,2768,2784,2800,2825,2859,2824,2797,2693,2631,2597,2761,2803,2817,2849,2936,2941,2920,2903,2902,2910,2898,2928,2961,2999,3041,3054,3079,3096,3129,3140,3147,3172,3195,3198,3220.711,3298.053,3335.728,3371.024,3416.315,3467.769,3529.257,3573.693,3609.976,3641.804,3664.221,3670.394,3683.445,3694.484,3695.453,3694.826,3687.809,3683.329,3679.999,3677.306,3692.584,3714.686,3756.358,3792.288,3823.215,3855.248,3881.051,3907.816,3934.31,3960.825,4049.021,4068.132,4089.875,4117.17,4146.101,4182.742,4219.239,4256.672,4289.878,4317.074,4348.464,4370.817,4387.865,4406.906,4416.992,4429.126,4440.306,4455.59,4464.273,4472.345,4477.251
Louisiana,1384,1412,1440,1467,1495,1523,1551,1579,1607,1634,1667,1695,1709,1727,1740,1755,1799,1795,1746,1756,1813,1847,1871,1903,1939,1972,2005,2039,2064,2086,2105,2124,2155,2178,2202,2228,2246,2257,2285,2334,2370,2484,2546,2565,2508,2429,2556,2579,2596,2634,2697,2769,2842,2866,2883,2946,3032,3115,3155,3208,3260,3287,3345,3377,3446,3496,3550,3581,3603,3619,3644.637,3710.487,3761.646,3788.375,3820.109,3886.104,3950.605,4014.459,4068.579,4137.665,4223.101,4283.303,4352.608,4395.316,4400.477,4408.118,4406.919,4344.148,4288.863,4252.894,4219.179,4240.95,4270.849,4284.749,4306.5,4327.978,4338.763,4351.39,4362.758,4372.035,4471.885,4477.875,4497.267,4521.042,4552.238,4576.628,4302.665,4375.581,4435.586,4491.648,4544.635,4576.244,4602.067,4626.04,4645.938,4666.998,4681.346,4673.673,4664.45,4658.285,4645.318
Maine,695,699,703,709,719,723,729,731,735,740,745,751,753,763,772,774,775,777,760,762,771,775,778,781,788,792,793,796,797,797,800,807,815,821,829,836,840,842,843,846,849,852,839,806,801,800,832,854,878,903,917,916,915,913,927,934,938,943,944,957,975,995,994,993,993,997,999,1004,994,992,993.722,1015.39,1034.292,1045.655,1059.04,1071.995,1088.412,1103.578,1113.566,1122.563,1126.86,1133.033,1136.684,1144.772,1155.635,1162.936,1170.126,1184.574,1203.84,1219.961,1231.296,1235.439,1235.748,1238.256,1237.687,1237.438,1241.436,1245.215,1247.554,1253.04,1277.072,1285.692,1295.96,1306.513,1313.688,1318.787,1323.619,1327.04,1330.509,1329.59,1327.651,1328.473,1328.094,1328.543,1331.217,1329.098,1332.348,1335.743,1340.123,1345.77,1350.141
Maryland,1189,1200,1210,1209,1217,1237,1251,1257,1269,1289,1302,1324,1345,1368,1389,1401,1415,1428,1467,1445,1464,1492,1509,1521,1537,1556,1576,1599,1610,1621,1636,1657,1678,1694,1710,1729,1745,1754,1766,1793,1839,1913,1998,2089,2118,2096,2214,2248,2271,2329,2355,2441,2500,2567,2685,2742,2811,2873,2982,3066,3113,3176,3263,3386,3492,3600,3695,3757,3815,3868,3923.897,4018.324,4073.499,4097.974,4118.815,4139.096,4150.539,4169.595,4183.603,4191.16,4227.643,4261.905,4282.923,4313.327,4365.243,4413.071,4486.957,4565.557,4657.904,4727.301,4797.431,4856.176,4902.545,4942.504,4985.411,5023.65,5057.142,5092.914,5130.072,5171.634,5311.034,5374.691,5440.389,5496.269,5546.935,5592.379,5627.367,5653.408,5684.965,5730.388,5788.784,5840.241,5888.375,5925.197,5960.064,5988.528,6007.014,6028.186,6042.153,6054.954,6055.802
Massachusetts,2788,2794,2856,2924,2969,3018,3107,3183,3251,3316,3365,3383,3440,3534,3636,3705,3726,3738,3695,3785,3882,3951,4010,4057,4102,4154,4194,4223,4217,4229,4250,4248,4259,4282,4305,4343,4355,4358,4365,4347,4318,4389,4370,4257,4192,4201,4494,4580,4674,4741,4686,4654,4650,4806,4910,4882,4891,4929,5010,5117,5160,5219,5263,5344,5448,5502,5535,5594,5618,5650,5689.17,5737.58,5760.302,5781.172,5773.548,5757.756,5743.672,5738.199,5736.469,5738.404,5746.075,5768.685,5771.222,5799.407,5840.773,5880.733,5902.678,5935.204,5979.982,6015.478,6018.664,5998.652,5993.474,6010.884,6031.352,6062.335,6085.393,6115.476,6144.407,6175.169,6361.104,6397.634,6417.206,6422.565,6412.281,6403.29,6410.084,6431.559,6468.967,6517.613,6566.44,6614.218,6664.269,6715.158,6764.864,6797.484,6827.28,6863.56,6885.72,6894.883,6893.574
Michigan,2423,2450,2477,2505,2534,2579,2626,2693,2722,2771,2832,2916,2997,3101,3183,3263,3353,3451,3499,3591,3723,3872,3942,4063,4214,4331,4451,4589,4665,4795,4834,4798,4780,4780,4798,4838,4889,4968,5056,5156,5315,5472,5549,5405,5467,5475,5874,6076,6213,6332,6407,6497,6650,6822,7066,7285,7467,7569,7667,7767,7834,7893,7933,8058,8187,8357,8512,8630,8696,8781,8881.826,8974.186,9028.944,9077.956,9117.507,9117.668,9129.205,9171.11,9217.761,9266.268,9255.553,9209.287,9115.198,9047.754,9049.452,9076.293,9127.775,9187.481,9217.998,9253.295,9310.462,9395.022,9470.323,9529.24,9584.481,9659.871,9739.184,9785.45,9820.231,9863.775,9952.45,9991.12,10015.71,10041.152,10055.315,10051.137,10036.081,10001.284,9946.889,9901.591,9877.597,9883.053,9898.289,9914.802,9932.033,9934.483,9954.117,9976.752,9987.286,9984.795,9966.555
Minnesota,1754,1805,1862,1901,1945,1981,1987,1995,2020,2051,2086,2119,2147,2190,2234,2273,2308,2329,2291,2346,2403,2434,2451,2487,2521,2540,2560,2588,2592,2572,2576,2614,2646,2673,2695,2717,2734,2746,2753,2771,2790,2718,2662,2577,2526,2537,2734,2796,2868,2935,2997,3010,3030,3050,3113,3172,3240,3274,3313,3366,3425,3470,3513,3531,3558,3592,3617,3659,3703,3758,3806.103,3853.486,3869.747,3889.332,3903.925,3932.515,3964.68,3989.364,4015.341,4050.316,4085.017,4111.728,4131.45,4141.456,4157.706,4184.302,4205.212,4235.136,4296.166,4338.057,4387.283,4427.429,4471.503,4521.709,4566.028,4605.445,4647.723,4687.726,4726.411,4775.508,4933.692,4982.796,5018.935,5053.572,5087.713,5119.598,5163.555,5207.203,5247.018,5281.203,5310.934,5346.62,5377.5,5414.722,5452.665,5484.002,5525.36,5569.283,5608.762,5640.053,5657.342
Mississippi,1553,1578,1603,1628,1653,1678,1703,1728,1753,1777,1802,1810,1817,1827,1832,1826,1823,1820,1813,1790,1800,1823,1836,1858,1886,1910,1935,1962,1981,1998,2006,1994,2004,2031,2050,2061,2072,2086,2127,2168,2176,2184,2210,2280,2167,2090,2064,2107,2076,2085,2176,2163,2152,2105,2064,2060,2086,2088,2086,2138,2182,2206,2243,2244,2241,2246,2245,2228,2219,2220,2216.994,2265.432,2307.117,2349.546,2378.268,2399.449,2429.756,2459.201,2487.816,2507.069,2525.342,2539.036,2556.777,2567.717,2578.051,2588.102,2593.597,2588.545,2580.352,2574.269,2577.426,2591.23,2610.193,2635.574,2663.45,2690.788,2709.925,2731.826,2751.335,2768.619,2848.353,2852.994,2858.681,2868.312,2889.01,2905.943,2904.978,2928.35,2947.806,2958.774,2970.615,2979.147,2984.599,2989.839,2991.892,2990.231,2990.595,2990.674,2982.879,2978.227,2966.786
Missouri,3108,3128,3147,3166,3185,3204,3223,3242,3260,3279,3301,3317,3344,3409,3467,3492,3527,3470,3325,3371,3404,3429,3437,3454,3508,3526,3556,3576,3601,3622,3646,3711,3746,3773,3784,3798,3801,3794,3781,3783,3786,3811,3829,3705,3560,3516,3746,3845,3844,3882,3964,4015,3972,4020,4066,4134,4163,4189,4186,4258,4326,4349,4357,4392,4442,4467,4523,4539,4568,4640,4677.623,4725.764,4758.78,4782.645,4795.93,4808.308,4839.029,4863.173,4889.399,4912.43,4921.966,4932.064,4929.451,4943.733,4975.278,5000.268,5023.068,5056.696,5081.736,5095.83,5126.37,5157.77,5193.686,5237.757,5281.206,5324.61,5367.888,5407.113,5437.562,5468.338,5607.285,5641.142,5674.825,5709.403,5747.741,5790.3,5842.704,5887.612,5923.916,5961.088,5996.089,6011.182,6026.027,6042.989,6059.13,6075.411,6091.384,6111.382,6125.986,6140.475,6151.548
Montana,245,261,270,282,293,305,322,332,346,363,380,397,414,433,452,469,487,505,501,534,543,546,543,538,538,535,531,527,541,524,539,540,540,541,545,550,554,554,552,555,558,543,518,485,469,477,514,531,542,569,593,596,602,616,624,636,656,667,666,669,679,696,698,703,706,706,707,701,700,694,694.409,710.814,718.732,726.798,736.419,748.208,757.317,769.953,782.317,787.305,788.752,795.328,803.986,814.031,820.905,822.32,813.739,805.063,800.202,799.636,799.824,807.837,822.436,839.876,854.923,868.522,876.656,878.706,879.533,882.779,903.773,906.961,911.667,919.63,930.009,940.102,952.692,964.706,976.415,983.982,990.73,997.518,1004.168,1014.158,1022.657,1031.495,1042.137,1053.862,1061.818,1070.123,1080.577
Nebraska,1067,1078,1089,1104,1119,1129,1138,1149,1161,1177,1198,1216,1232,1246,1264,1272,1275,1285,1266,1290,1300,1309,1312,1321,1333,1343,1353,1365,1371,1375,1380,1384,1386,1385,1382,1375,1358,1339,1326,1318,1316,1272,1239,1241,1216,1211,1256,1265,1265,1302,1327,1316,1311,1318,1340,1374,1397,1394,1383,1397,1417,1446,1464,1476,1482,1471,1456,1457,1467,1474,1485.333,1504.604,1519.013,1529.567,1539.191,1543.117,1550.911,1556.842,1563.884,1567.344,1572.296,1578.515,1581.78,1584.293,1588.639,1584.664,1574.333,1566.547,1571.477,1574.864,1580.664,1590.805,1602.406,1612.149,1621.551,1635.142,1647.657,1656.042,1660.772,1666.028,1713.82,1719.836,1728.292,1738.643,1749.37,1761.497,1772.693,1783.44,1796.378,1812.683,1829.591,1840.914,1853.691,1865.813,1879.955,1892.059,1906.483,1916.998,1925.512,1932.571,1937.552
Nevada,43,45,49,52,56,59,64,68,73,78,82,81,81,82,83,82,82,81,77,77,78,80,81,82,84,85,87,88,89,90,92,94,96,96,98,100,101,103,105,107,113,120,137,151,153,149,143,149,156,157,162,168,181,195,213,237,250,260,269,279,291,315,352,397,426,444,446,449,464,480,488.738,520.018,546.789,568.991,596.822,619.972,646.975,678.333,719.436,765.367,810.215,847.655,881.537,901.977,924.922,951.03,980.613,1023.376,1075.022,1137.382,1218.629,1285.046,1330.694,1380.197,1456.388,1525.777,1596.476,1675.581,1743.772,1809.253,2018.741,2098.399,2173.791,2248.85,2346.222,2432.143,2522.658,2601.072,2653.63,2684.665,2702.483,2713.114,2744.67,2776.956,2818.935,2868.531,2919.555,2972.097,3030.725,3090.771,3138.259
New Hampshire,412,412,409,394,407,423,415,423,428,431,431,432,434,439,442,443,445,447,440,443,444,449,451,453,457,459,463,466,468,467,466,470,474,477,480,481,481,481,485,490,492,490,481,462,456,459,494,507,520,533,532,529,535,547,554,557,566,572,581,596,609,618,632,649,663,676,681,697,709,724,737.681,761.851,781.107,800.951,815.914,828.555,845.248,869.763,891.52,909.074,924.25,936.621,947.719,958.134,976.864,996.753,1025.053,1054.289,1082.577,1104.522,1111.831,1107.055,1112.766,1122.191,1133.054,1145.604,1160.768,1173.239,1185.823,1201.134,1239.882,1255.517,1269.089,1279.84,1290.121,1298.492,1308.389,1312.54,1315.906,1316.102,1316.807,1320.444,1324.677,1327.272,1334.257,1337.48,1343.694,1350.395,1355.064,1360.783,1366.275
New Jersey,1884,1889,1917,1969,2050,2151,2239,2314,2403,2487,2550,2610,2670,2729,2789,2850,2918,2976,3043,3136,3198,3297,3380,3472,3573,3664,3758,3891,3968,3989,4068,4120,4120,4107,4089,4085,4084,4088,4100,4129,4175,4254,4297,4226,4158,4108,4492,4618,4774,4889,4872,5006,5125,5229,5360,5502,5615,5737,5890,6015,6103,6265,6376,6531,6660,6767,6851,6928,7005,7095,7171.112,7281.107,7335.042,7333.083,7332.411,7337.765,7339.745,7337.169,7350.804,7366.512,7376.33,7407.472,7430.968,7467.785,7515.473,7565.528,7622.159,7670.742,7712.333,7726.089,7757.158,7784.269,7827.77,7874.891,7918.796,7965.523,8009.624,8054.178,8095.542,8143.412,8430.621,8492.671,8552.643,8601.402,8634.561,8651.974,8661.679,8677.885,8711.09,8755.602,8799.451,8828.552,8845.671,8857.821,8867.277,8870.312,8873.584,8888.147,8891.73,8891.258,8882.371
New Mexico,196,206,218,229,242,255,269,283,298,314,329,334,338,344,348,351,354,361,382,362,363,370,375,382,390,396,403,410,416,420,427,436,441,449,461,475,489,503,513,523,531,506,502,534,527,537,561,582,604,644,689,717,735,756,763,785,806,847,886,919,954,965,979,989,1006,1012,1007,1000,994,1011,1017.055,1053.737,1078.697,1105.529,1131.309,1159.944,1189.295,1215.72,1238.034,1284.722,1309.4,1332.748,1363.823,1394.361,1416.717,1438.361,1462.729,1478.52,1490.337,1503.901,1519.933,1547.115,1580.75,1614.937,1653.329,1682.417,1706.151,1722.939,1733.535,1739.844,1821.204,1831.69,1855.309,1877.574,1903.808,1932.274,1962.137,1990.07,2010.662,2036.802,2064.614,2080.707,2087.715,2092.833,2090.236,2090.071,2092.555,2092.844,2093.754,2099.634,2106.319
New York,7283,7449,7612,7771,7927,8084,8289,8499,8714,8935,9137,9249,9361,9473,9585,9700,9848,9993,9936,10252,10282,10416,10589,10752,10953,11186,11257,11174,11599,12171,12647,12848,13001,13126,13253,13375,13481,13511,13512,13523,13456,13267,13002,12807,12628,12495,13398,13982,14497,14892,14865,14890,15192,15527,15814,15966,16112,16374,16601,16685,16838,17061,17301,17461,17589,17734,17843,17935,18051,18105,18241.391,18357.982,18339.4,18177.063,18049.775,18003.485,17940.541,17812.602,17680.589,17583.838,17566.754,17567.734,17589.738,17686.905,17745.684,17791.672,17833.419,17868.848,17941.309,17983.086,18002.855,18029.532,18082.032,18140.894,18156.652,18150.928,18143.805,18143.184,18159.175,18196.601,19001.78,19082.838,19137.8,19175.939,19171.567,19132.61,19104.631,19132.335,19212.436,19307.066,19399.956,19499.921,19574.362,19626.488,19653.431,19657.321,19636.391,19593.849,19544.098,19463.131,19336.776
North Carolina,1897,1926,1956,1986,2017,2051,2077,2105,2142,2174,2221,2276,2313,2362,2421,2473,2513,2546,2522,2535,2588,2651,2700,2761,2830,2895,2959,3027,3082,3133,3167,3184,3227,3268,3304,3323,3346,3385,3440,3514,3574,3589,3569,3654,3560,3533,3706,3769,3837,3911,4068,4120,4109,4120,4131,4242,4309,4368,4376,4458,4573,4663,4707,4742,4802,4863,4896,4952,5004,5031,5084.411,5203.531,5301.15,5389.852,5470.911,5547.188,5607.964,5685.607,5759.492,5823.491,5898.98,5956.653,6019.101,6077.056,6164.006,6253.954,6321.578,6403.7,6480.594,6565.459,6656.987,6748.135,6831.85,6947.412,7060.959,7185.403,7307.658,7428.672,7545.828,7650.789,8081.614,8210.122,8326.201,8422.501,8553.152,8705.407,8917.27,9118.037,9309.449,9449.566,9574.586,9658.913,9751.81,9846.717,9937.295,10037.218,10161.802,10275.758,10391.358,10501.384,10600.823
North Dakota,321,346,371,396,421,446,474,501,528,555,580,584,603,609,620,641,652,661,636,648,646,646,647,648,642,643,651,657,665,674,682,680,676,674,672,670,664,655,647,644,640,615,583,546,534,546,570,578,580,597,619,604,608,609,611,615,613,612,606,618,634,641,637,644,649,649,647,626,621,621,617.792,626.76,631.119,632.675,634.559,638.886,645.797,649.769,651.301,652.896,654.38,659.505,668.972,676.688,680.497,676.98,669.512,661.136,655.331,646.351,637.364,634.199,635.427,637.229,639.762,641.548,642.858,640.945,637.808,633.666,642.023,639.062,638.168,638.817,644.705,646.089,649.422,652.822,657.569,664.968,674.752,685.526,702.227,723.149,738.736,755.537,756.114,756.755,760.062,763.724,765.309
Ohio,4161,4216,4322,4386,4458,4530,4587,4630,4677,4701,4786,4821,4893,4997,5109,5251,5366,5510,5547,5683,5799,5921,6054,6183,6319,6434,6504,6577,6608,6626,6662,6694,6717,6740,6751,6787,6801,6809,6837,6886,6929,6958,6969,6868,6918,6916,7512,7705,7876,7973,7980,8061,8275,8591,8873,9017,9207,9410,9599,9671,9734,9854,9929,9986,10080,10201,10330,10414,10516,10563,10657.423,10734.818,10746.993,10767.314,10765.759,10770.425,10752.662,10771.394,10795.581,10798.298,10800.65,10788.33,10757.087,10737.632,10737.746,10734.926,10730.268,10760.09,10798.552,10829.217,10861.837,10933.683,11007.609,11070.385,11111.451,11155.493,11187.032,11212.498,11237.752,11256.654,11363.543,11387.404,11407.889,11434.788,11452.251,11463.32,11481.213,11500.468,11515.391,11528.896,11539.449,11545.735,11550.971,11579.692,11606.573,11622.315,11640.06,11665.706,11680.892,11696.507,11693.217
Oklahoma,800,916,1027,1118,1200,1277,1349,1414,1498,1585,1671,1714,1737,1777,1824,1860,1907,1960,1969,2003,2055,2108,2140,2159,2179,2216,2256,2306,2344,2372,2401,2403,2394,2392,2391,2386,2365,2334,2324,2333,2325,2262,2215,2205,2043,2028,2128,2133,2089,2105,2229,2210,2219,2182,2209,2250,2273,2282,2267,2289,2336,2380,2427,2439,2446,2440,2454,2489,2503,2535,2559.463,2618.601,2658.646,2695.931,2734.768,2774.683,2826.815,2870.014,2917.336,2975.31,3040.758,3096.164,3206.123,3290.402,3285.533,3271.332,3252.735,3210.122,3167.057,3150.307,3147.105,3166.471,3204.174,3228.829,3246.119,3265.547,3289.634,3314.259,3339.478,3358.044,3454.365,3467.1,3489.08,3504.892,3525.233,3548.597,3594.09,3634.349,3668.976,3717.572,3760.014,3788.824,3819.32,3853.891,3879.187,3910.518,3928.143,3933.602,3943.488,3960.676,3980.783
Oregon,415,434,454,479,504,530,555,580,610,643,677,692,706,722,736,745,756,763,763,774,788,798,814,833,856,883,905,925,936,947,956,966,972,978,985,1001,1025,1048,1067,1081,1086,1071,1107,1221,1233,1250,1338,1361,1405,1431,1532,1556,1582,1601,1626,1659,1698,1712,1718,1746,1772,1787,1818,1853,1888,1937,1969,1979,2004,2062,2091.533,2151.022,2197.297,2241.932,2285.013,2329.661,2378.262,2446.673,2518.298,2588.012,2641.218,2667.982,2664.922,2653.066,2666.588,2672.652,2683.528,2700.991,2741.297,2790.575,2858.547,2918.745,2973.934,3034.49,3087.142,3141.421,3195.087,3243.254,3282.055,3316.154,3429.708,3467.937,3513.424,3547.376,3569.463,3613.202,3670.883,3722.417,3768.748,3808.6,3837.614,3872.672,3900.102,3924.11,3965.447,4018.542,4093.271,4147.294,4183.538,4216.116,4241.507
Pennsylvania,6313,6439,6567,6699,6833,6970,7110,7253,7398,7546,7706,7850,7986,8139,8276,8362,8463,8578,8524,8643,8740,8900,8982,9148,9383,9478,9594,9745,9802,9723,9649,9707,9764,9784,9795,9774,9767,9790,9952,9901,9896,9911,9704,9444,9214,9143,9866,10196,10287,10390,10507,10461,10503,10662,10817,10939,10972,10954,11058,11234,11329,11392,11355,11424,11519,11620,11664,11681,11741,11741,11800.766,11886.4,11908.233,11890.527,11870.884,11906.095,11897.378,11893.591,11879.396,11887.975,11868.305,11858.567,11845.146,11837.723,11815.172,11770.862,11782.752,11810.866,11845.752,11865.996,11895.604,11943.16,11980.819,12022.128,12042.545,12044.78,12038.008,12015.888,12002.329,11994.016,12284.173,12298.97,12331.031,12374.658,12410.722,12449.99,12510.809,12563.937,12612.285,12666.858,12711.406,12747.052,12769.123,12779.538,12792.392,12789.838,12788.468,12794.679,12809.107,12798.883,12783.254
Rhode Island,430,441,450,460,471,481,492,505,519,532,545,556,567,578,589,597,598,606,604,603,613,629,644,656,669,680,681,677,678,684,686,681,677,675,675,678,686,694,694,701,719,731,748,760,795,776,770,776,787,801,786,784,802,815,816,823,840,851,858,857,855,858,871,876,885,893,899,909,922,932,949.723,963.107,974.79,975.738,950.615,942.788,946.089,950.23,951.816,950.382,948.773,953.013,954.17,956.382,961.894,968.955,977.341,989.604,996.408,1000.666,1004.649,1003.99,1000.571,997.852,993.412,989.203,987.858,986.966,987.704,990.819,1050.268,1057.142,1065.995,1071.342,1074.579,1067.916,1063.096,1057.315,1055.003,1053.646,1053.994,1053.829,1054.893,1055.56,1056.511,1056.886,1057.816,1056.554,1059.338,1058.158,1057.125
South Carolina,1342,1361,1379,1397,1415,1433,1451,1468,1485,1502,1523,1548,1572,1599,1622,1635,1650,1675,1746,1687,1685,1693,1692,1699,1710,1718,1726,1736,1739,1739,1745,1753,1748,1752,1760,1769,1781,1802,1834,1872,1902,1962,2007,1967,1943,1934,1936,1992,1996,2029,2113,2167,2178,2181,2176,2200,2229,2274,2304,2348,2392,2409,2423,2460,2475,2494,2520,2533,2559,2570,2590.713,2662.269,2719.197,2776.605,2844.749,2902.028,2943.657,2991.681,3044.364,3090.267,3134.502,3179.255,3207.614,3234.066,3271.868,3303.209,3342.758,3380.506,3412.096,3456.775,3499.064,3559.47,3600.576,3634.507,3666.456,3699.943,3738.974,3790.066,3839.578,3885.736,4024.223,4064.995,4107.795,4150.297,4210.921,4270.15,4357.847,4444.11,4528.996,4589.872,4635.846,4672.655,4719.027,4766.469,4826.858,4896.006,4963.031,5027.102,5091.702,5157.702,5218.04
South Dakota,403,418,431,437,452,461,477,498,527,553,590,602,592,584,581,585,595,599,570,606,640,652,660,669,673,682,683,682,685,690,693,694,692,690,682,674,666,656,649,645,641,613,589,587,565,579,588,601,612,631,655,655,651,648,655,663,670,666,656,667,683,693,705,708,701,692,683,671,669,668,666.257,671.297,677.234,678.715,679.585,681.042,686.39,688.48,688.58,688.335,690.851,689.584,690.597,693.008,697.249,698.402,696.034,696.036,698.165,696.701,696.667,701.445,708.698,716.258,723.038,728.251,730.699,730.855,730.789,733.133,755.844,757.972,760.02,763.729,770.396,775.493,783.033,791.623,799.124,807.067,816.193,823.74,833.859,842.751,849.67,854.663,863.693,873.732,879.386,887.127,892.717
Tennessee,2023,2041,2060,2082,2086,2111,2136,2136,2164,2177,2191,2197,2218,2257,2289,2294,2304,2331,2288,2305,2329,2369,2424,2463,2502,2531,2553,2608,2624,2604,2619,2657,2711,2747,2784,2798,2791,2795,2821,2874,2935,2973,2939,2972,2868,2878,3074,3166,3216,3236,3315,3372,3352,3319,3359,3415,3415,3434,3471,3522,3575,3622,3673,3718,3771,3798,3822,3859,3878,3897,3926.018,4013.608,4094.611,4147.401,4213.509,4275.566,4346.928,4422.921,4486.314,4560.473,4600.252,4627.658,4646.041,4659.749,4686.737,4715.296,4738.708,4782.927,4822.437,4854.444,4890.626,4946.886,5013.999,5085.666,5163.016,5241.168,5313.576,5378.433,5432.679,5483.535,5703.719,5750.789,5795.918,5847.812,5910.809,5991.057,6088.766,6175.727,6247.411,6306.019,6355.518,6400.298,6455.752,6496.943,6544.617,6595.354,6651.277,6714.748,6778.18,6830.325,6886.834
Texas,3055,3132,3210,3291,3374,3459,3546,3636,3727,3821,3922,4016,4107,4207,4300,4368,4444,4563,4666,4631,4723,4853,4955,5077,5210,5332,5453,5577,5675,5762,5844,5907,5961,6014,6053,6123,6192,6250,6301,6360,6425,6585,6711,7012,6876,6826,7197,7388,7626,7623,7776,8111,8314,8336,8382,8660,8830,9070,9252,9405,9624,9820,10053,10159,10270,10378,10492,10599,10819,11045,11198.655,11509.848,11759.148,12019.543,12268.629,12568.843,12904.089,13193.05,13500.429,13888.371,14338.208,14746.318,15331.415,15751.676,16007.086,16272.734,16561.113,16621.791,16667.022,16806.735,17044.714,17339.904,17650.479,17996.764,18338.319,18679.706,19006.24,19355.427,19712.389,20044.141,20944.499,21319.622,21690.325,22030.931,22394.023,22778.123,23359.58,23831.983,24309.039,24801.761,25241.897,25645.504,26084.12,26479.646,26963.092,27468.531,27914.064,28291.024,28624.564,28986.794,29360.759
Utah,277,284,292,299,308,316,327,339,351,363,377,387,399,410,422,430,436,444,437,446,453,457,467,474,481,487,494,500,504,508,509,513,517,520,522,526,527,529,535,543,552,551,575,631,605,591,638,636,653,671,696,706,724,739,750,783,809,826,845,870,900,936,958,974,978,994,1009,1019,1029,1047,1059.273,1101.192,1135.449,1170.04,1200.471,1236.03,1274.928,1319.512,1367.51,1420.238,1472.595,1515.471,1558.314,1594.943,1622.342,1642.91,1662.834,1678.119,1689.372,1705.864,1729.722,1771.941,1821.498,1875.993,1930.436,1976.774,2022.253,2065.397,2100.562,2129.836,2244.502,2283.715,2324.815,2360.137,2401.58,2457.719,2525.507,2597.746,2663.029,2723.421,2775.413,2814.797,2854.146,2898.773,2938.327,2983.626,3044.241,3103.54,3155.153,3203.383,3249.879
Vermont,344,347,349,350,353,354,355,355,354,356,357,358,359,361,362,360,360,372,352,352,353,355,354,354,355,355,356,357,358,359,360,359,358,357,357,357,357,356,356,358,363,348,343,327,314,315,342,354,359,369,379,378,375,379,377,375,377,376,380,387,389,390,393,397,399,404,413,423,430,437,444.732,454.318,463.143,468.43,473.002,479.713,484.928,491.931,498.109,505.372,512.524,515.594,519.109,523.302,526.66,530.035,534.066,540.267,549.763,557.707,564.526,567.141,570.115,574.004,578.9,582.827,586.352,588.665,590.579,593.74,609.618,612.223,615.442,617.858,619.92,621.215,622.892,623.481,624.151,624.817,625.886,627.197,626.361,626.603,625.693,625.81,624.366,625.132,624.802,624.046,623.347
Virginia,1858,1887,1894,1890,1889,1917,1942,1952,1994,2038,2071,2092,2122,2176,2241,2294,2316,2313,2359,2318,2347,2395,2412,2423,2426,2423,2419,2433,2435,2425,2427,2445,2452,2460,2485,2520,2552,2590,2638,2670,2720,2855,3038,3130,3248,3193,3212,3201,3207,3292,3315,3434,3504,3557,3555,3588,3722,3844,3914,3951,3986,4095,4180,4276,4357,4411,4456,4508,4558,4614,4651.448,4750.838,4824.472,4901.292,4971.069,5047.395,5121.863,5193.112,5270.24,5307.945,5368.334,5444.097,5492.783,5564.657,5643.87,5715.153,5811.7,5932.268,6036.909,6120.246,6213.526,6283.853,6383.315,6464.795,6536.771,6601.392,6665.491,6732.878,6789.225,6872.912,7105.817,7198.362,7286.873,7366.977,7475.575,7577.105,7673.725,7751,7833.496,7925.937,8024.004,8102.437,8187.456,8255.861,8315.43,8367.303,8417.651,8471.011,8510.92,8556.642,8590.563
Washington,523,583,651,719,782,842,904,967,1028,1091,1148,1167,1184,1209,1231,1239,1255,1287,1341,1333,1373,1405,1415,1433,1467,1494,1516,1538,1551,1555,1568,1581,1584,1592,1610,1629,1653,1681,1698,1715,1740,1789,1901,2027,2092,2206,2288,2211,2255,2294,2387,2424,2448,2466,2516,2604,2668,2724,2773,2821,2855,2882,2942,2955,2961,2967,3057,3174,3270,3343,3413.244,3447.553,3447.885,3478.782,3549.946,3621.339,3693.61,3776.05,3889.073,4017.632,4154.678,4235.731,4276.552,4300.266,4343.656,4400.098,4452.72,4531.901,4639.893,4746.316,4900.78,5013.443,5139.011,5247.704,5334.896,5431.024,5509.963,5604.105,5687.832,5756.361,5910.512,5985.722,6052.349,6104.115,6178.645,6257.305,6370.753,6461.587,6562.231,6667.426,6743.009,6827.479,6898.599,6966.252,7057.531,7167.287,7299.961,7427.951,7526.793,7614.024,7693.612
West Virginia,959,972,1000,1037,1064,1094,1122,1149,1174,1203,1231,1266,1291,1317,1362,1387,1414,1439,1438,1464,1470,1485,1498,1526,1577,1593,1623,1671,1696,1717,1733,1740,1747,1752,1771,1794,1808,1813,1828,1868,1907,1885,1831,1741,1706,1708,1826,1883,1899,1930,2006,1984,1957,1929,1905,1880,1857,1843,1845,1855,1853,1828,1809,1796,1797,1786,1775,1769,1763,1746,1744.237,1770.657,1797.648,1806.36,1815.447,1842.25,1879.503,1908.088,1923.395,1942.146,1951.349,1954.124,1949.604,1945.061,1927.697,1906.831,1882.35,1857.585,1830.215,1806.568,1792.481,1798.212,1805.462,1816.179,1818.49,1820.56,1818.983,1815.588,1811.688,1806.928,1807.021,1801.481,1805.414,1812.295,1816.438,1820.492,1827.912,1834.052,1840.31,1847.775,1854.265,1856.606,1857.446,1854.768,1850.569,1843.332,1832.435,1818.683,1805.953,1795.263,1784.787
Wisconsin,2072,2109,2141,2171,2202,2231,2250,2268,2292,2317,2345,2369,2407,2438,2490,2535,2562,2587,2597,2600,2679,2722,2761,2803,2833,2863,2892,2916,2923,2934,2950,2990,3021,3040,3054,3070,3082,3088,3098,3121,3143,3140,3053,3014,2980,2961,3167,3250,3314,3391,3438,3439,3469,3506,3608,3679,3742,3791,3843,3891,3962,4009,4049,4112,4165,4232,4274,4303,4345,4378,4417.821,4462.155,4502.412,4524.244,4545.782,4578.986,4595.904,4626.514,4646.108,4682.811,4712.045,4726.343,4728.87,4721.438,4735.563,4747.767,4755.618,4777.919,4822.388,4856.574,4902.265,4952.675,5004.636,5055.318,5095.504,5137.004,5173.828,5200.235,5222.124,5250.446,5373.999,5406.835,5445.162,5479.203,5514.026,5546.166,5577.655,5610.775,5640.996,5669.264,5690.538,5705.84,5720.825,5738.012,5753.199,5762.927,5775.17,5793.147,5809.319,5824.581,5832.655
Wyoming,93,100,105,108,111,114,118,125,133,141,147,150,153,157,163,167,174,186,181,191,197,203,208,211,215,216,217,219,220,223,226,229,230,230,233,237,240,243,246,248,250,247,251,247,242,239,254,258,269,277,290,291,293,290,293,307,312,314,315,320,331,337,333,336,339,332,323,322,324,329,332.416,340.285,347.345,354.061,365.501,381.695,396.952,413.354,432.88,454.378,474.185,491.712,506.4,510.345,504.896,499.695,495.633,476.965,465.101,458.374,453.401,457.739,463.491,469.033,474.982,478.447,480.085,480.031,480.045,479.602,494.3,494.657,500.017,503.453,509.106,514.157,522.667,534.876,546.043,559.851,564.531,567.491,576.656,582.62,583.159,586.389,585.243,579.994,579.054,580.116,582.328
